{
  "signup": [
    {
      "id": "4b14",
      "name": "ab",
      "email": "ab@gmail.com",
      "password": "123"
    },
    {
      "id": "aefb",
      "name": "kashish",
      "email": "k@yopmail.com",
      "password": "123456"
    }
  ],
  "EmployeeDetails": [
    {
      "id": "103",
      "name": "Aditya",
      "mobile": 8782882921,
      "salary": 232211
    },
    {
      "id": "1027",
      "name": "ahsjks",
      "mobile": 72883,
      "salary": 7728822
    },
    {
      "id": "106",
      "name": "Abhinav Singh",
      "mobile": 9026604297,
      "salary": 10200011
    },
    {
      "id": 101,
      "name": "Abhi",
      "mobile": 827829271,
      "salary": 12000
    }
  ]
}