{
  "hash": "ef946aa6",
  "configHash": "a03f4958",
  "lockfileHash": "7e18a335",
  "browserHash": "5c7c6018",
  "optimized": {
    "@angular/common": {
      "src": "../../../../../node_modules/@angular/common/fesm2022/common.mjs",
      "file": "@angular_common.js",
      "fileHash": "11e05b4c",
      "needsInterop": false
    },
    "@angular/common/http": {
      "src": "../../../../../node_modules/@angular/common/fesm2022/http.mjs",
      "file": "@angular_common_http.js",
      "fileHash": "a232dde3",
      "needsInterop": false
    },
    "@angular/core": {
      "src": "../../../../../node_modules/@angular/core/fesm2022/core.mjs",
      "file": "@angular_core.js",
      "fileHash": "41bce8b6",
      "needsInterop": false
    },
    "@angular/forms": {
      "src": "../../../../../node_modules/@angular/forms/fesm2022/forms.mjs",
      "file": "@angular_forms.js",
      "fileHash": "40350fe5",
      "needsInterop": false
    },
    "@angular/platform-browser": {
      "src": "../../../../../node_modules/@angular/platform-browser/fesm2022/platform-browser.mjs",
      "file": "@angular_platform-browser.js",
      "fileHash": "5507c02d",
      "needsInterop": false
    },
    "@angular/router": {
      "src": "../../../../../node_modules/@angular/router/fesm2022/router.mjs",
      "file": "@angular_router.js",
      "fileHash": "5186c7f4",
      "needsInterop": false
    }
  },
  "chunks": {
    "chunk-KH7M2W4E": {
      "file": "chunk-KH7M2W4E.js"
    },
    "chunk-OC7HTXUQ": {
      "file": "chunk-OC7HTXUQ.js"
    },
    "chunk-E4BO4DA5": {
      "file": "chunk-E4BO4DA5.js"
    },
    "chunk-ES3DN4VP": {
      "file": "chunk-ES3DN4VP.js"
    }
  }
}